AidData ID,Geoname,Geoname ID,Latitude,Longitude,Precision Code,Date,ADM1 Name,ADM1 Code,ADM2 Name,ADM2 Code,Source URL,Source,Note,Location Type,Activities
105826740,Achchuveli,1252329,9.76667,80.1,1,,Northern,0,Jaffna,0,http://www.jkwssp.org/index.php/areas-a-locations,Areas and Locations,Found on page,,
105826740,Analaitivu,1251350,9.671,79.7751,1,,Northern,0,Jaffna,0,http://www.jkwssp.org/index.php/areas-a-locations,Areas and Locations,Water Supply Coverage Areas; chose populated place because article specifies 'town and suburbs of...',,
105826740,Araly,1251029,9.7135,79.9417,1,,Northern,0,Jaffna,0,http://www.jkwssp.org/index.php/areas-a-locations,Areas and Locations,Water Supply Coverage Areas,,
105826740,Chankanai,1249240,9.75,79.96667,1,,Northern,0,Jaffna,0,http://www.jkwssp.org/index.php/areas-a-locations,Areas and Locations,Water Supply Coverage Areas; alt. name Wikipedia,,
105826740,Chavakachcheri,1249222,9.66,80.151,1,,Northern,0,Jaffna,0,http://www.adb.org/sites/default/files/projdocs/2010/37378-01-sri-rrp.pdf,Reports and Recommendations,Multiple Chavakachcheri locations; chose this one because it is the location point in geonames that links to a wikipedia page; PDf p 8; footnote 13,,
105826740,Iranamadu Tank,1242952,9.3018,80.4459,1,,Northern,0,Mullattivu,0,http://www.adb.org/sites/default/files/projdocs/2010/37378-01-sri-rrp.pdf,Reports and Recommendations,"PDF p 8 - Water Supply; Footnote 10 - 'Includes raising and strengthening the embankment; repairing sluices, radial gates, spillway, and lift irrigation; and automation.'",,
105826740,Jaffna,1242833,9.66845,80.00742,1,,Northern,0,Jaffna,0,http://www.jkwssp.org/index.php/areas-a-locations,Areas and Locations,Water Supply Coverage Areas,,
105826740,Jaffna District,1242831,9.75,80.08333,3,,Northern,0,Jaffna,0,http://www.adb.org/sites/default/files/projdocs/2010/37378-01-sri-rrp.pdf,Reports and Recommendations,"PDf p 8 - Water Supply; may include other sabhas than those listed in the footnotes; also covers for treated waters transmission mains (est. to be 44 km - footnote 12, p 8)Did not include Valikamam West and Valikamam South because they were listed under the footnotes as possible locations ('may include'), but were not listed on the actual project website's page for locations",,
105826740,Jaffna Division,7324126,9.6669,80.0181,2,,Northern,0,Jaffna,0,http://www.adb.org/sites/default/files/projdocs/2010/37378-01-sri-rrp.pdf,Reports and Recommendations,"PDf p 8 - several of the Water Supply component projects are occurring in Jaffna Municipality; Jaffna Municipality is most likely the Jaffna Municipal Council, which is a local authority, or the third administrative level. ADM3s are also called divisionshttp://www.development.lk/project_detail-1a--53.html - verifies Jaffna Municipal Council",,
105826740,Kaddudai,1242627,9.7354,79.9833,1,,Northern,0,Jaffna,0,http://www.jkwssp.org/index.php/areas-a-locations,Areas and Locations,Water Supply Coverage Areas,,
105826740,Karainagar,1241376,9.743,79.8728,1,,Northern,0,Jaffna,0,http://www.adb.org/sites/default/files/projdocs/2010/37378-01-sri-rrp.pdf,Reports and Recommendations,PDf p 8; footnote 13,,
105826740,Karaveddi North,1241165,9.8,80.2,1,,Northern,0,Jaffna,0,http://www.jkwssp.org/index.php/areas-a-locations,Areas and Locations,Water Supply Coverage Areas; Karaveddi North is an alt. name on geonames for Karaveddy; links to wikipedia page for Karaveddy,,
105826740,Kayts,8224985,9.7013,79.8604,2,,Northern,0,Jaffna,0,http://www.adb.org/sites/default/files/projdocs/2010/37378-01-sri-rrp.pdf,Reports and Recommendations,PDf p 8; footnote 13; no code for ADM4,,
105826740,Kilinochchi District,1240371,9.39487,80.40894,3,,Northern,0,Kilinochchi,0,http://www.adb.org/sites/default/files/projdocs/2010/37378-01-sri-rrp.pdf,Reports and Recommendations,"PDf p 8 - Water Supply; may include other sabhas than those listed in the footnotes; also covers for treated waters transmission mains (est. to be 44 km - footnote 12, p 8)",,
105826740,Kodikamam,1239845,9.6825,80.2214,1,,Northern,0,Jaffna,0,http://www.adb.org/sites/default/files/projdocs/2010/37378-01-sri-rrp.pdf,Reports and Recommendations,PDf p 8; footnote 13,,
105826740,Kopay,8224980,9.7035,80.0402,2,,Northern,0,Jaffna,0,http://www.adb.org/sites/default/files/projdocs/2010/37378-01-sri-rrp.pdf,Reports and Recommendations,PDf p 8; footnote 13,,
105826740,Mandaitivu,1236258,9.6072,79.9846,1,,Northern,0,Jaffna,0,http://www.jkwssp.org/index.php/areas-a-locations,Areas and Locations,Water Supply Coverage Areas; chose populated place over island because homepage article specifies 'towns and suburbs of...',,
105826740,Moolai,1234431,9.7483,79.936,1,,Northern,0,Jaffna,0,http://www.jkwssp.org/index.php/areas-a-locations,Areas and Locations,Water Supply Coverage Areas,,
105826740,Nallur,1233838,9.66667,80.03333,1,,Northern,0,Jaffna,0,http://www.adb.org/sites/default/files/projdocs/2010/37378-01-sri-rrp.pdf,Reports and Recommendations,Multiple Nallur locations; chose this one because it matches the geonames id of the point in geonames that links to wikipedia; PDf p 8; footnote 13,,
105826740,Navaly,1233567,9.7106,79.9829,1,,Northern,0,Jaffna,0,http://www.jkwssp.org/index.php/areas-a-locations,Areas and Locations,Water Supply Coverage Areas,,
105826740,Navatkuli,1233539,9.6568,80.0831,1,,Northern,0,Jaffna,0,http://www.jkwssp.org/index.php/areas-a-locations,Areas and Locations,Water Supply Coverage Areas,,
105826740,Pachchilaipallai Division,7324408,9.5904,80.3623,2,,Northern,0,Kilinochchi,0,http://www.adb.org/sites/default/files/projdocs/2010/37378-01-sri-rrp.pdf,Reports and Recommendations,PDf p 2 & 8; footnote 13,,
105826740,Palai,1231838,9.6119,80.3258,1,,Northern,0,Kilinochchi,0,http://www.jkwssp.org/index.php/areas-a-locations,Areas and Locations,Water Supply Coverage Areas - Added from geonames,,
105826740,Pooneryn,1229821,9.5,80.2,1,,Northern,0,Kilinochchi,0,http://www.adb.org/sites/default/files/projdocs/2010/37378-01-sri-rrp.pdf,Reports and Recommendations,PDf p 8; footnote 13,,
105826740,Pungudutivu,1229392,9.5825,79.8087,1,,Northern,0,Jaffna,0,http://www.jkwssp.org/index.php/areas-a-locations,Areas and Locations,Water Supply Coverage Areas; chose populated place over island because article specifies 'towns and suburbs of...',,
105826740,Sandilipay,1228293,9.7539,79.9917,1,,Northern,0,Jaffna,0,http://www.jkwssp.org/index.php/areas-a-locations,Areas and Locations,Water Supply Coverage Areas,,
105826740,Vaddukkoddai,1225218,9.71667,79.95,1,,Northern,0,Jaffna,0,http://www.jkwssp.org/index.php/areas-a-locations,Areas and Locations,Water Supply Coverage Areas,,
105826740,Valikamam South Division,7324029,9.7524,80.041,2,,Northern,0,Jaffna,0,http://www.adb.org/sites/default/files/projdocs/2010/37378-01-sri-rrp.pdf,AsDB,"page 3, section C.1.11 footnote 13. Alternate name for Valigamam South.",,
105826740,Valikamam West Division,7324037,9.7443,79.9257,2,,Northern,0,Jaffna,0,http://www.adb.org/sites/default/files/projdocs/2010/37378-01-sri-rrp.pdf,AsDB,"page 3, section C.1.11 footnote 13. Alternate spelling for Valigamam West.",,
105826740,Velanai,1224949,9.63333,79.9,1,,Northern,0,Jaffna,0,http://www.adb.org/sites/default/files/projdocs/2010/37378-01-sri-rrp.pdf,Reports and Recommendations,"PDf p 8; footnote 13; indicates islands on other locations, so decided probably wasn't island of Velanai; other article (http://www.jkwssp.org/index.php/areas-a-locations) off of project homepage also specifies 'towns and suburbs of...'",,
105922306,Centre,3728069,19,-72,4,,Centre,0,,0,http://www-wds.worldbank.org/external/default/WDSContentServer/WDSP/LCR/2014/07/07/090224b0825623f5/1_0/Rendered/PDF/Haiti000Disast0Report000Sequence005.pdf,ISR,Found on PDF p.2 of the ISR.  There may be some confusion with this project and project ID #105922633.,,
105922306,Département de la Grand’Anse,3724613,18.5,-74.08333,4,,Grand'Anse,0,,0,http://www-wds.worldbank.org/external/default/WDSContentServer/WDSP/LCR/2014/07/07/090224b0825623f5/1_0/Rendered/PDF/Haiti000Disast0Report000Sequence005.pdf,ISR,Found on PDF p.2 of the ISR.  There may be some confusion with this project and project ID #105922633.,,
105922306,Département de l'Artibonite,3731053,19.33333,-72.5,4,,L'Artibonite,0,,0,http://www-wds.worldbank.org/external/default/WDSContentServer/WDSP/LCR/2014/07/07/090224b0825623f5/1_0/Rendered/PDF/Haiti000Disast0Report000Sequence005.pdf,ISR,Found on PDF p.2 of the ISR.  There may be some confusion with this project and project ID #105922633.,,
105922306,Département de l'Ouest,3719432,18.66381,-72.29141,4,,Ouest,0,,0,http://www-wds.worldbank.org/external/default/WDSContentServer/WDSP/LCR/2014/07/07/090224b0825623f5/1_0/Rendered/PDF/Haiti000Disast0Report000Sequence005.pdf,ISR,Found on PDF p.2 of the ISR.  There may be some confusion with this project and project ID #105922633.,,
105922306,Département de Nippes,7115999,18.44835,-73.4285,4,,Nippes,0,,0,http://www-wds.worldbank.org/external/default/WDSContentServer/WDSP/LCR/2014/07/07/090224b0825623f5/1_0/Rendered/PDF/Haiti000Disast0Report000Sequence005.pdf,ISR,Found on PDF p.2 of the ISR.  There may be some confusion with this project and project ID #105922633.,,
105922306,Département du Nord-Est,3719540,19.48897,-71.85713,4,,Nord-Est,0,,0,http://www-wds.worldbank.org/external/default/WDSContentServer/WDSP/LCR/2014/07/07/090224b0825623f5/1_0/Rendered/PDF/Haiti000Disast0Report000Sequence005.pdf,ISR,Found on PDF p.2 of the ISR.  There may be some confusion with this project and project ID #105922633.,,
105922306,Nord,3719543,19.6,-72.3,4,,Nord,0,,0,http://www-wds.worldbank.org/external/default/WDSContentServer/WDSP/LCR/2014/07/07/090224b0825623f5/1_0/Rendered/PDF/Haiti000Disast0Report000Sequence005.pdf,ISR,Found on PDF p.2 of the ISR.  There may be some confusion with this project and project ID #105922633.,,
105922306,Nord-Ouest,3719536,19.83333,-73,4,,Nord-Ouest,0,,0,http://www-wds.worldbank.org/external/default/WDSContentServer/WDSP/LCR/2014/07/07/090224b0825623f5/1_0/Rendered/PDF/Haiti000Disast0Report000Sequence005.pdf,ISR,,,
105922306,Sud,3716952,18.3,-73.73333,4,,Sud,0,,0,http://www-wds.worldbank.org/external/default/WDSContentServer/WDSP/LCR/2014/07/07/090224b0825623f5/1_0/Rendered/PDF/Haiti000Disast0Report000Sequence005.pdf,ISR,Found on PDF p.2 of the ISR.  There may be some confusion with this project and project ID #105922633.,,
105922306,Sud-Est,3716950,18.3,-72.4,4,,Sud-Est,0,,0,http://www-wds.worldbank.org/external/default/WDSContentServer/WDSP/LCR/2014/07/07/090224b0825623f5/1_0/Rendered/PDF/Haiti000Disast0Report000Sequence005.pdf,ISR,Found on PDF p.2 of the ISR.  There may be some confusion with this project and project ID #105922633.,,
105922633,Arrondissement d’ Aquin,3731094,18.28333,-73.38333,3,,Sud,0,Aquin,0,http://www-wds.worldbank.org/external/default/WDSContentServer/WDSP/IB/2011/11/18/000350881_20111118092645/Rendered/PDF/623930PJPR0P1200disclosed0110170110.pdf,Emergency Project Paper,Found on PDF p.69 below the map.,,
105922633,Arrondissement de Belle-Anse,3730361,18.25,-72,3,,Sud-Est,0,Belle-Anse,0,http://www-wds.worldbank.org/external/default/WDSContentServer/WDSP/IB/2011/11/18/000350881_20111118092645/Rendered/PDF/623930PJPR0P1200disclosed0110170110.pdf,Emergency Project Paper,Found on PDF p.69 below the map.,,
105922633,Arrondissement de Jacmel,3723778,18.33333,-72.5,3,,Sud-Est,0,Jacmel,0,http://www-wds.worldbank.org/external/default/WDSContentServer/WDSP/IB/2011/11/18/000350881_20111118092645/Rendered/PDF/623930PJPR0P1200disclosed0110170110.pdf,Emergency Project Paper,Found on PDF p.69 below the map.  I coded the Jacmel adm2 because I wasn't sure if the road extended into jacmel city limits.,,
105922633,Arrondissement de Port-au-Prince,3718425,18.5,-72.36667,3,,Ouest,0,Port-au-Prince,0,http://www-wds.worldbank.org/external/default/WDSContentServer/WDSP/IB/2011/11/18/000350881_20111118092645/Rendered/PDF/623930PJPR0P1200disclosed0110170110.pdf,Emergency Project Paper,I coded the entire Port-au-Prince area because the document is not specific.  Found on PDF p.31 under point 18.,,
105922633,Arrondissement des Chardonnières,3727900,18.36667,-74.25,3,,Sud,0,les Chardonnières,0,http://www-wds.worldbank.org/external/default/WDSContentServer/WDSP/IB/2011/11/18/000350881_20111118092645/Rendered/PDF/623930PJPR0P1200disclosed0110170110.pdf,Emergency Project Paper,Found on PDF p.69 below the map.  I coded the adm2 of Tiburon.,,
105922633,Arrondissement des Coteaux,3727295,18.25,-74,3,,Sud,0,les Côteaux,0,http://www-wds.worldbank.org/external/default/WDSContentServer/WDSP/IB/2011/11/18/000350881_20111118092645/Rendered/PDF/623930PJPR0P1200disclosed0110170110.pdf,Emergency Project Paper,Found on PDF p.69 below the map.  I coded the adm2 because I am not sure the road repair extends into the city limits.,,
105922633,Arrondissement du Jérémie,3723592,18.58333,-74.2,3,,Grand'Anse,0,Jérémie,0,http://www-wds.worldbank.org/external/default/WDSContentServer/WDSP/IB/2011/11/18/000350881_20111118092645/Rendered/PDF/623930PJPR0P1200disclosed0110170110.pdf,Emergency Project Paper,Found on PDF p.69 below the map.  I coded the adm2 because I am not sure the road repair extends into the city limits.,,
105922633,Département de la Grand’Anse,3724613,18.5,-74.08333,4,,Grand'Anse,0,,0,,,,,
105922633,Sud,3716952,18.3,-73.73333,4,,Sud,0,,0,,,,,
105922633,Sud-Est,3716950,18.3,-72.4,4,,Sud-Est,0,,0,,,,,
105922633,Tiburon,3716620,18.35,-74.3,2,,Sud,0,les Chardonnières,0,http://www-wds.worldbank.org/external/default/WDSContentServer/WDSP/IB/2011/11/18/000350881_20111118092645/Rendered/PDF/623930PJPR0P1200disclosed0110170110.pdf,Emergency Project Paper,Found on PDF p.69 below the map.  Coded as a 2 because it's an adm3.,,
105968225,Haiti,3723988,19,-72.41667,6,,,0,,0,http://idbdocs.iadb.org/wsdocs/getdocument.aspx?docnum=38267493,IDB,"Project is implemented by the Ministry of Agriculture, National Resources, and Rural Development and is countrywide",,
110000848,Akuapim South,7648936,5.852,-0.277,3,,Eastern,0,Akwapim South,0,,,,,
110000848,Ejura Sekyedumase,7648978,7.375,-1.432,3,,Ashanti,0,Ejura-Sekyedumasi,0,,,,,
110000848,Gomoa East,7648982,5.51667,-0.75,3,,Central,0,Gomoa,0,,,,,
110000848,Gomoa West,7648983,5.28333,-0.73333,3,,Central,0,Gomoa,0,,,,,
110000848,Karaga,7647394,9.90568,-0.53521,3,,Northern,0,Gushiegu/Karaga,0,,,,,
110000848,Kwahu North,7649004,7.04446,-0.07935,3,,Eastern,0,Afram Plains,0,,,,,
110000848,Savelugu/Nanton,7649029,9.62472,-0.82778,3,,Northern,0,Savelgu/Nanton,0,,,,,
110000848,Tolon/Kumbungu,7649058,9.43333,-1.06667,3,,Northern,0,Tolon/Kumbungu,0,,,,,
110000848,Upper Manya Krobo,7649061,6.38333,-0.13333,3,,Eastern,0,Manya Krobo,0,,,,,
110000848,West Mamprusi,7649071,10.35,-0.8,3,,Northern,0,West Mamprusi,0,,,,,
110000848,Yilo Krobo,7649073,6.17737,-0.1765,3,,Eastern,0,Yilo Krobo,0,,,,,